,Name,Spacegroup,Volume,Band_gap
0,CsHoSiS4,P212121,760.627,3.024
1,Lu,R-3m,86.351,0
2,Tm,R-3m,88.611,0
3,Ne,Fm-3m,21.720,11.910
4,La,Im-3m,37.786,0
5,Pr,Im-3m,35.887,0
6,Kr,Fm-3m,42.831,7.487
7,V,Fm-3m,13.515,0
8,Rb,Im-3m,89.599,0
9,Ta,Fm-3m,18.788,0
10,V,Im-3m,13.169,0
11,Ne,Fm-3m,22.212,11.657
12,Al,Fm-3m,16.483,0
13,Ne,Fm-3m,11.262,13.500
14,K,Im-3m,71.876,0
15,Rh,Fm-3m,13.986,0
16,Er,Im-3m,30.711,0
17,Zr,Im-3m,22.806,0
18,Ho,Im-3m,31.050,0
19,Lu,Im-3m,29.429,0
20,Tb,Im-3m,32.046,0
21,Ne,Fm-3m,10.226,14.115
22,P,Pm-3m,14.572,0
23,Ru,Fm-3m,13.798,0
24,Ir,Fm-3m,14.465,0
25,Gd,Im-3m,32.540,0
26,Fe,Im-3m,11.174,0
27,Ni,Im-3m,10.860,0
28,Fe,Fm-3m,10.198,0
29,Tc,Fm-3m,14.563,0
30,Re,Fm-3m,14.946,0
31,Pt,Fm-3m,15.540,0
32,YbSe,Fm-3m,51.335,2.083
33,SiP,F-43m,37.415,0
34,SmZn,Pm-3m,47.871,0
35,SiC,Fm-3m,16.624,0
36,U,Im-3m,20.053,0
37,Zr,Fm-3m,23.185,0
38,Os,Fm-3m,14.340,0
39,ZnNi,P4/mmm,23.962,0
40,TiAg,P4/mmm,33.974,0
41,ZnNi,Pm-3m,24.026,0
42,YbTe,Fm-3m,63.967,1.620
43,TmAg,Pm-3m,45.446,0
44,UTe,Pm-3m,52.510,0
45,YAg,Pm-3m,47.706,0
46,LiBi,P4/mmm,47.134,0
47,TcB,Pm-3m,20.315,0
48,LiTl,Pm-3m,41.175,0
49,YbAg,Pm-3m,48.189,0
50,PrTl,Pm-3m,59.950,0
51,LuMg,Pm-3m,51.938,0
52,MnAu,Pm-3m,33.170,0
53,YbZn,Pm-3m,46.137,0
54,SiC,F-43m,20.881,1.586
55,Yb,Im-3m,36.541,0
56,Eu,Im-3m,40.371,0
57,Sb,Pm-3m,30.022,0
58,Yb,Fm-3m,36.840,0
59,Sr,Im-3m,52.678,0
60,Gd,Fm-3m,32.410,0
61,TaN,P-6m2,21.702,0
62,ErIr,Pm-3m,38.820,0
63,PrZn,Pm-3m,50.629,0
64,Tm,P63/mmc,59.492,0
65,CaSe,Fm-3m,52.341,2.167
66,CaTe,Fm-3m,65.232,1.644
67,Ti,Im-3m,16.849,0
68,Sb,Fm-3m,27.393,0
69,Ne,Fm-3m,10.137,14.150
70,Se,Pm-3m,22.497,0
71,Si,Fm-3m,14.434,0
72,CaPb,P4/mmm,59.025,0
73,HPd,Fm-3m,17.270,0
74,TiRh,P4/mmm,29.630,0
75,VRh,P4/mmm,27.021,0
76,CuAu,P4/mmm,29.905,0
77,NaBi,P4/mmm,56.003,0
78,ErMg,Pm-3m,53.256,0
79,SiRh,Pm-3m,26.487,0
80,Si,P6/mmm,15.053,0
81,Li,Fm-3m,18.094,0
82,P,Cmmm,14.594,0
83,P,Cmmm,14.594,0
84,Na,Im-3m,33.127,0
85,Fe,Im-3m,11.191,0
86,Np,Im-3m,17.567,0
87,Mg,Im-3m,22.836,0
88,Li,Im-3m,18.168,0
89,MnAu,P4/mmm,33.183,0
90,VFe,Pm-3m,23.569,0
91,TaRu,Pm-3m,31.986,0
92,Ge,Im-3m,19.093,0
93,Sb,Im-3m,27.157,0
94,Th,Im-3m,32.503,0
95,Tm,Fm-3m,29.625,0
96,H,Fm-3m,2.730,0
97,H,Im-3m,2.733,0
98,TcB,P-6m2,21.100,0
99,HoAs,Fm-3m,48.505,0
100,TcB,F-43m,26.389,0
101,HoSe,Fm-3m,46.729,0
102,TlSn,P4/mmm,57.410,0
103,LuPd,Pm-3m,40.136,0
104,YbRh,Pm-3m,37.187,0
105,YbRu,Pm-3m,37.097,0
106,LuRh,Pm-3m,37.381,0
107,AgI,Pm-3m,56.367,0.182
108,LuRu,Pm-3m,36.773,0
109,SrTl,Pm-3m,66.928,0
110,Gd,P63/mmc,65.029,0
111,LuZn,Pm-3m,42.269,0
112,NdMg,Pm-3m,58.456,0
113,Ho,P63/mmc,62.084,0
114,TiFe,Pm-3m,25.502,0
115,ScN,Pm-3m,21.390,0
116,NaH,Fm-3m,25.971,4.090
117,Tb,P63/mmc,64.432,0
118,PrZn,P4/mmm,50.551,0
119,YbSn,P4/mmm,53.895,0
120,NbRh,P4/mmm,31.747,0
121,VOs,Pm-3m,27.252,0
122,Er,P63/mmc,60.876,0
123,ScP,Pm-3m,35.125,0
124,LiBi,P4/mmm,47.194,0
125,CdAu,Pm-3m,38.329,0
126,TaTc,Pm-3m,32.291,0
127,TiAl,P4/mmm,32.247,0
128,Lu,P63/mmc,57.814,0
129,HfOs,Pm-3m,34.329,0
130,TbTl,Pm-3m,54.152,0
131,NaBi,P4/mmm,56.035,0
132,TiHg,P4/mmm,37.205,0
133,ErPd,Pm-3m,41.561,0
134,MgPd,Pm-3m,31.556,0
135,CsAu,Pm-3m,77.418,1.040
136,RbAu,Pm-3m,69.171,0.392
137,PrMg,Pm-3m,60.037,0
138,TbZn,Pm-3m,45.856,0
139,TbZn,P4/mmm,45.590,0
140,HfRh,Pm-3m,34.610,0
141,DyAu,Pm-3m,45.914,0
142,LuCd,Pm-3m,48.737,0
143,CaCd,Pm-3m,55.825,0
144,Tb,Fm-3m,31.694,0
145,FePd,P4/mmm,27.526,0
146,TiTc,Pm-3m,29.734,0
147,HfRu,Pm-3m,33.927,0
148,VTc,Pm-3m,27.396,0
149,TbSb,Fm-3m,60.128,0
150,MgRh,Pm-3m,30.118,0
151,CeMg,Pm-3m,61.163,0
152,PmMg,Pm-3m,57.401,0
153,YCu,Pm-3m,41.597,0
154,ErAu,Pm-3m,44.812,0
155,HfTc,Pm-3m,34.601,0
156,TiOs,Pm-3m,29.365,0
157,EuMg,Pm-3m,66.821,0
158,GdMg,Pm-3m,55.229,0
159,SmMg,Pm-3m,56.704,0
160,ZrOs,Pm-3m,35.375,0
161,ZnRh,Pm-3m,27.507,0
162,ErMg,Pm-3m,53.284,0
163,U,Fm-3m,21.705,0
164,Ne,Fm-3m,10.061,14.181
165,Sn,Im-3m,26.498,0
166,GeC,F-43m,24.072,1.772
167,HoSb,Fm-3m,58.656,0
168,ZnO,Pm-3m,18.829,0
169,ScC,Pm-3m,23.789,0
170,ScCu,Pm-3m,33.848,0
171,ErRh,Pm-3m,38.833,0
172,HoHg,Pm-3m,50.038,0
173,YC,Pm-3m,29.851,0
174,Ne,Fm-3m,10.267,14.099
175,Ne,Fm-3m,10.186,14.132
176,Se,R-3m,22.329,0
177,Ho,Fm-3m,30.638,0
178,SnP,Fm-3m,43.579,0
179,HoTe,Fm-3m,57.270,0
180,HgSe,F-43m,60.143,0.176
181,CuO,Fm-3m,18.286,0
182,LaCd,Pm-3m,59.906,0
183,CuN,F-43m,21.552,0
184,H,Fm-3m,2.729,0
185,HgS,F-43m,53.718,0.179
186,SnC,F-43m,32.794,0.950
187,ScP,Fm-3m,37.473,0
188,CdPd,P4/mmm,34.530,0
189,AgCl,Fm-3m,43.640,1.115
190,Sb,R-3m,63.356,0
191,DyAl,Pm-3m,46.580,0
192,PbS,Pm-3m,48.577,0
193,HgPd,P4/mmm,35.957,0
194,NdCd,Pm-3m,56.430,0
195,GdAs,Fm-3m,50.736,0
196,SnC,Fm-3m,27.406,0
197,ZnTe,F-43m,57.783,1.453
198,NiC,Fm-3m,16.961,0
199,HfPt,Pm-3m,36.555,0
200,TbAs,Fm-3m,49.927,0
201,Ga,Cmcm,36.949,0
202,TbTe,Fm-3m,58.839,0
203,HgPt,P4/mmm,35.800,0
204,ZrHg,P4/mmm,42.581,0
205,TiO,Fm-3m,19.214,0
206,PrTe,Pm-3m,59.239,0
207,GdSb,Fm-3m,60.995,0
208,TcB,Fm-3m,21.284,0
209,NiHg,P4/mmm,31.250,0
210,NbS,P-6m2,31.465,0
211,PrSb,Fm-3m,66.831,0
212,NiN,F-43m,19.933,0
213,MnSe,Fm-3m,38.716,0
214,GdAu,Pm-3m,47.321,0
215,TbMg,Pm-3m,54.639,0
216,TmTl,Pm-3m,52.137,0
217,CaHg,Pm-3m,54.064,0
218,LaHg,Pm-3m,58.459,0
219,Ne,Fm-3m,10.240,14.108
220,Ne,Fm-3m,10.154,14.146
221,Ne,Fm-3m,10.018,14.198
222,DySb,Fm-3m,59.378,0
223,MnSe,F-43m,51.094,0
224,LiHg,Pm-3m,36.171,0
225,MgTl,Pm-3m,48.411,0
226,YTl,Pm-3m,53.731,0
227,SnP,I4mm,45.475,0
228,Li,R-3m,16.786,0
229,I,Fmmm,41.448,0
230,Ne,Fm-3m,10.294,14.087
231,Ne,Fm-3m,10.047,14.187
232,DyAs,Fm-3m,49.131,0
233,TmMg,Pm-3m,52.669,0
234,SrS,Fm-3m,55.235,2.587
235,SrSe,Fm-3m,62.026,2.414
236,CaS,Fm-3m,46.290,2.400
237,He,Fm-3m,9.909,18.390
238,TePb,Pm-3m,62.598,0
239,PrCd,Pm-3m,57.341,0
240,CdPt,P4/mmm,34.723,0
241,MgS,Fm-3m,35.356,2.950
242,CrN,Fm-3m,17.518,0
243,PbSe,Pm-3m,53.010,0
244,VO,Fm-3m,21.623,1.191
245,YC,Fm-3m,32.890,0
246,CdPt,P4/mmm,34.721,0
247,LuHg,Pm-3m,47.540,0
248,YbTl,Pm-3m,56.006,0
249,CaIn,Pm-3m,56.431,0
250,MgHg,Pm-3m,41.616,0
251,YMg,Pm-3m,54.494,0
252,BeO,F-43m,13.701,7.021
253,AlIr,Pm-3m,27.531,0
254,HoAu,Pm-3m,45.311,0
255,TmZn,Pm-3m,43.366,0
256,Kr,P63/mmc,86.157,7.392
257,Ne,Fm-3m,10.003,14.204
258,Ne,Fm-3m,10.232,14.112
259,Pa,I4/mmm,24.780,0
260,TbSe,Fm-3m,48.173,0
261,SrMg,Pm-3m,72.865,0
262,DyTe,Fm-3m,58.018,0
263,ErAs,Fm-3m,47.826,0
264,ScCd,Pm-3m,43.406,0
265,GaNi,Pm-3m,24.617,0
266,HBr,Fm-3m,28.428,0
267,ZrPd,Pm-3m,37.665,0
268,CaPb,P4/mmm,58.927,0
269,MnHg,Pm-3m,36.393,0
270,NbN,Fm-3m,21.802,0
271,Ne,Fm-3m,10.322,13.838
272,Ne,Fm-3m,10.292,14.089
273,Ne,Fm-3m,10.277,14.094
274,Ne,Fm-3m,10.244,14.110
275,La,Fm-3m,36.557,0
276,GeC,Fm-3m,20.935,0
277,TaN,Fm-3m,21.399,0
278,TmP,Fm-3m,43.437,0
279,TbP,Fm-3m,46.146,0
280,InHg,R-3m,50.648,0
281,HgTe,Fm-3m,57.357,0
282,FePt,P4/mmm,27.863,0
283,MnHg,P4/mmm,36.451,0
284,SmCd,Pm-3m,54.588,0
285,WC,P-6m2,21.113,0
286,CsCl,Pm-3m,71.862,5.181
287,Sr,P4/mmm,55.338,0
288,I,I4/mmm,40.734,0
289,Y,P63/mmc,64.622,0
290,TbS,Fm-3m,42.667,0
291,ZnS,F-43m,39.915,2.319
292,ErSb,Fm-3m,58.018,0
293,TmAs,Fm-3m,47.239,0
294,MgAg,Pm-3m,35.784,0
295,ZrC,Pm-3m,25.216,0
296,ErTl,Pm-3m,52.455,0
297,ZrN,Pm-3m,22.996,0
298,AuC,P-6m2,26.619,0
299,TmCd,Pm-3m,49.714,0
300,TbAl,Pm-3m,47.202,0
301,CaTl,Pm-3m,57.806,0
302,CsBr,Pm-3m,81.488,4.487
303,ZrP,Fm-3m,37.246,0
304,Sc,P63/mmc,47.952,0
305,BaSe,Fm-3m,73.944,2.106
306,HCl,Fm-3m,22.795,0
307,MgS,F-43m,45.802,3.570
308,NdHg,Pm-3m,55.416,0
309,TlSn,P4/mmm,57.405,0
310,YbPb,P4/mmm,57.396,0
311,YCd,Pm-3m,52.000,0
312,ErZn,Pm-3m,44.067,0
313,YbCd,Pm-3m,54.028,0
314,MnAl,P4/mmm,26.347,0
315,MoN,Pm-3m,19.601,0
316,MgO,Fm-3m,18.510,4.975
317,MnO,Fm-3m,22.198,0.423
318,NiO,Fm-3m,18.102,2.620
319,HoP,Fm-3m,44.754,0
320,ZnO,F-43m,23.978,0.967
321,ZnTe,Fm-3m,47.866,0
322,AgO,F-43m,31.199,0
323,NiO,C2/m,18.225,2.610
324,MnNi,P4/mmm,24.034,0
325,ReC,P-6m2,20.274,0
326,MgTe,F-43m,68.754,2.458
327,MnPd,P4/mmm,30.063,0
328,YbSn,P4/mmm,53.926,0
329,PrHg,Pm-3m,56.545,0
330,NdAl,Pm-3m,51.736,0
331,SrHg,Pm-3m,62.503,0
332,MnRh,Pm-3m,27.814,0
333,Mg,P63/mmc,45.699,0
334,FeO,Fm-3m,19.605,0
335,GdBi,Fm-3m,64.003,0
336,HoS,Fm-3m,41.275,0
337,ZrS,Fm-3m,36.021,0
338,HgTe,F-43m,71.763,0.161
339,PdN,F-43m,26.220,0
340,SmTl,P4/mmm,56.272,0
341,TlBr,Fm-3m,73.253,2.199
342,AlBi,F-43m,65.915,0.342
343,IrC,P-6m2,21.481,0
344,TbCu,Pm-3m,41.766,0
345,TbHg,Pm-3m,51.346,0
346,ScPd,Pm-3m,35.949,0
347,DyCd,Pm-3m,51.735,0
348,BP,F-43m,23.413,1.367
349,AlP,F-43m,41.608,1.751
350,Ne,Fm-3m,10.310,13.842
351,TmSb,Fm-3m,57.475,0
352,PdN,Pm-3m,21.115,0
353,PtC,P-6m2,22.735,0
354,ErTl,P4/mmm,52.038,0
355,AlRu,Pm-3m,27.242,0
356,NiPt,P4/mmm,26.707,0
357,Zn,P63/mmc,29.957,0
358,TiHg,P4/mmm,37.192,0
359,ErCd,Pm-3m,50.452,0
360,ErTe,Fm-3m,56.685,0
361,RbI,Pm-3m,89.197,3.455
362,TiAl,P4/mmm,32.249,0
363,ScS,Fm-3m,35.350,0
364,TlCl,Pm-3m,58.000,2.323
365,ZnO,Fm-3m,19.764,1.084
366,LiCl,Fm-3m,32.817,6.781
367,InAs,F-43m,58.002,0.366
368,LiBr,Fm-3m,40.455,5.432
369,LiI,Fm-3m,52.647,4.530
370,TbBi,Fm-3m,63.196,0
371,MnNi,Pm-3m,23.934,0
372,CaPd,Pm-3m,43.466,0
373,ErTe,Fm-3m,56.685,0
374,TbCu,P4/mmm,42.250,0
375,MnPt,P4/mmm,29.968,0
376,CeCd,Pm-3m,58.704,0
377,YN,Fm-3m,29.331,0.417
378,TmCu,Pm-3m,39.867,0
379,TmHg,Pm-3m,48.761,0
380,AlNi,Pm-3m,24.055,0
381,MnV,Pm-3m,23.322,0
382,YbHg,Pm-3m,51.578,0
383,HfC,Fm-3m,25.047,0
384,VC,Fm-3m,17.870,0
385,ScN,Fm-3m,22.636,0
386,CrTe,F-43m,60.216,0
387,KI,Pm-3m,81.617,3.367
388,KBr,Pm-3m,65.763,3.948
389,MnRh,P4/mmm,27.305,0
390,AlO,Fm-3m,21.819,0
391,NiO,R-3m,18.234,2.611
392,MgAu,Pm-3m,35.371,0
393,ZrN,Fm-3m,24.316,0
394,LiF,Fm-3m,15.553,9.633
395,TaC,Fm-3m,22.434,0
396,CaO,Fm-3m,27.270,3.687
397,PbSe,Fm-3m,58.967,0.686
398,GeTe,R3m,54.834,0.753
399,Ne,Fm-3m,10.267,14.098
400,Ne,Fm-3m,10.253,14.103
401,YP,Fm-3m,45.587,0
402,PdO,P4/mmm,21.801,0
403,HfC,P-6m2,26.329,0
404,RuC,P-6m2,19.915,0
405,CsF,Pm-3m,43.949,6.315
406,CrH,Fm-3m,13.348,0
407,ScSi,F-43m,59.122,0
408,ScHg,Pm-3m,42.868,0
409,SrO,Pm-3m,29.812,2.792
410,ErIn,Pm-3m,51.697,0
411,TiPd,P4/mmm,30.928,0
412,ZrCu,Pm-3m,34.836,0
413,SrS,Pm-3m,49.009,1.874
414,SiRu,Pm-3m,25.444,0
415,SrO,Fm-3m,33.901,3.363
416,TePb,Fm-3m,69.501,0.966
417,PaO,Fm-3m,30.318,0
418,BaO,Fm-3m,42.605,2.111
419,Th,Fm-3m,31.875,0
420,LuBi,Fm-3m,59.677,0
421,NpP,Fm-3m,43.774,0
422,ThN,Fm-3m,34.286,0
423,ThS,Fm-3m,46.594,0
424,ThBi,Pm-3m,61.174,0
425,NdTe,Fm-3m,64.220,0
426,CsBr,Fm-3m,97.371,4.521
427,PdN,Fm-3m,21.549,0
428,HCl,Fmmm,33.546,2.341
429,BOs,P-6m2,20.876,0
430,HoIr,Pm-3m,39.313,0
431,TiPd,Pm-3m,31.607,0
432,MoC,Fm-3m,20.964,0
433,WN,Fm-3m,20.586,0
434,CdTe,F-43m,71.083,0.874
435,RbBr,Pm-3m,71.771,4.153
436,ErTe,Fm-3m,56.687,0
437,TaC,P-6m2,23.208,0
438,TaO,Fm-3m,22.412,0
439,HgPt,P4/mmm,35.800,0
440,Te,Imma,68.705,0
441,Zr,P63/mmc,46.747,0
442,Sb,P63/mmc,54.698,0
443,ReN,P-6m2,20.154,0
444,YZn,Pm-3m,45.435,0
445,ZrZn,Pm-3m,37.126,0
446,HoMg,Pm-3m,53.614,0
447,VN,Fm-3m,17.280,0
448,Ne,Fm-3m,10.336,13.832
449,ZnNi,F-43m,38.621,0
450,NdP,Fm-3m,51.102,0
451,UN,Fm-3m,28.586,0
452,Ge,Fd-3m,47.712,0
453,YbAs,Fm-3m,52.916,0
454,ReN,Pm-3m,19.680,0
455,HoIn,Pm-3m,52.893,0
456,TiGa,P4/mmm,31.156,0
457,NdAu,Pm-3m,50.436,0
458,RbCl,Pm-3m,62.022,5.126
459,PrAu,Pm-3m,51.466,0
460,YAs,Pm-3m,45.768,0
461,MoN,Fm-3m,20.428,0
462,TlHg,Pm-3m,55.243,0
463,NbIr,P4/mmm,32.126,0
464,DyTl,Pm-3m,53.537,0
465,YP,Pm-3m,41.914,0
466,HoPd,Pm-3m,42.061,0
467,TmPd,Pm-3m,40.964,0
468,YbGa,P4/mmm,46.005,0
469,AlOs,Pm-3m,27.491,0
470,TlSb,Pm-3m,57.744,0
471,YbPd,Pm-3m,40.957,0
472,AlPd,Pm-3m,28.885,0
473,TmAu,Pm-3m,44.204,0
474,Th,Fm-3m,31.875,0
475,ScBi,Fm-3m,53.931,0
476,US,Fm-3m,40.561,0
477,PrS,Fm-3m,48.740,0
478,TmTe,Fm-3m,56.106,0
479,ThSe,Fm-3m,52.560,0
480,PtN,F-43m,26.939,0
481,PtN,Fm-3m,22.359,0
482,GdAs,Fm-3m,50.731,0
483,YHg,Pm-3m,50.896,0
484,KI,Fm-3m,92.166,3.978
485,ZrHg,P4/mmm,42.620,0
486,ErTl,P4/mmm,52.040,0
487,HoMg,Pm-3m,53.583,0
488,LuIr,Pm-3m,37.418,0
489,CdS,F-43m,51.066,1.341
490,Ru,P63/mmc,27.484,0
491,Re,P63/mmc,29.708,0
492,Si,Fd-3m,40.825,0.773
493,YTe,Fm-3m,58.781,0
494,PtC,Fm-3m,22.370,0
495,MoN,P-6m2,20.370,0
496,ReN,Fm-3m,20.351,0
497,EuHg,Pm-3m,56.346,0
498,BAs,F-43m,27.861,1.416
499,ScAu,Pm-3m,38.522,0
500,ZnNi,P4/mmm,23.962,0
501,SmAl,Pm-3m,49.831,0
502,SmAu,Pm-3m,48.719,0
503,HoRh,Pm-3m,39.217,0
504,DyHg,Pm-3m,50.647,0
505,NbRh,P4/mmm,31.747,0
506,O,Fmmm,18.302,0
507,PuN,Fm-3m,29.700,0
508,TlCl,Fm-3m,68.465,2.637
509,TiCu,P4/mmm,28.729,0
510,LuAu,Pm-3m,43.279,0
511,HoCd,Pm-3m,51.070,0
512,ZnAu,Pm-3m,32.300,0
513,VN,P-6m2,17.026,0
514,VIr,P4/mmm,27.458,0
515,ZnPd,P4/mmm,28.764,0
516,HoTl,Pm-3m,53.083,0
517,CeHg,Pm-3m,57.792,0
518,DyIn,Pm-3m,52.880,0
519,HoZn,Pm-3m,44.537,0
520,TbAu,Pm-3m,46.568,0
521,ScPt,Pm-3m,35.448,0
522,TiAu,Pm-3m,34.551,0
523,NdAs,Fm-3m,54.998,0
524,GeP,I4mm,36.078,0
525,GeAs,I4mm,41.818,0
526,NbRu,Pm-3m,32.069,0
527,TiPt,Pm-3m,31.757,0
528,N,P63/mmc,14.395,0
529,YSb,Fm-3m,59.652,0
530,ScO,Fm-3m,21.827,0
531,NdSb,I4/mmm,65.357,0
532,ScC,F-43m,33.179,0
533,HgPd,P4/mmm,35.968,0
534,YbO,Fm-3m,26.148,3.583
535,CdTe,Fm-3m,56.088,0
536,MnPd,Pm-3m,30.089,0
537,CeCd,P4/mmm,58.526,0
538,AgF,Fm-3m,29.278,0
539,GdIn,Pm-3m,54.161,0
540,CaSe,F-43m,71.004,3.359
541,FeNi,P4/mmm,22.369,0
542,Si,Imma,30.519,0
543,PrAl,Pm-3m,53.052,0
544,HoAg,Pm-3m,46.814,0
545,AlPt,Pm-3m,29.539,0
546,BeO,Fm-3m,11.803,8.496
547,CdO,Fm-3m,26.375,0
548,ErP,Pm-3m,40.637,0
549,CrTe,Fm-3m,46.534,0
550,RbCl,Fm-3m,72.373,5.121
551,MnZn,Pm-3m,26.551,0
552,FeN,F-43m,18.719,0
553,MnIr,P4/mmm,25.773,0
554,TiIr,P4/mmm,29.954,0
555,ZnSe,F-43m,46.777,1.499
556,NaBr,Fm-3m,52.506,4.361
557,KCl,Fm-3m,62.215,5.354
558,CeS,Fm-3m,50.250,0
559,AgN,Fm-3m,24.100,0
560,NbO,Fm-3m,22.461,0
561,RbI,Fm-3m,103.954,3.870
562,LiIr,P-6m2,26.920,0
563,YbAu,Pm-3m,44.799,0
564,LaS,Fm-3m,50.509,0
565,KBr,Fm-3m,74.958,4.454
566,LaTe,Fm-3m,68.718,0
567,RbBr,Fm-3m,83.522,4.438
568,HoBi,Fm-3m,61.906,0
569,UC,Fm-3m,29.951,0
570,NiHg,P4/mmm,31.250,0
571,MoN,F-43m,25.075,0
572,ScAs,Fm-3m,40.710,0
573,ScSb,Fm-3m,50.297,0
574,EuPb,P4/mmm,61.445,0
575,ZrC,Fm-3m,26.478,0
576,NbRu,P4/mmm,32.041,0
577,CsH,Fm-3m,63.208,2.377
578,CeZn,Pm-3m,51.991,0
579,PrTe,Fm-3m,65.659,0
580,NdS,Fm-3m,47.472,0
581,EuIn,P4/mmm,59.784,0
582,RuN,Fm-3m,19.997,0
583,InSb,F-43m,72.322,0.264
584,YAu,Pm-3m,46.209,0
585,LaSe,Fm-3m,56.542,0
586,NpO,Fm-3m,30.636,0
587,Si,I41/amd,30.630,0
588,MnTe,F-43m,63.040,0
589,PtC,F-43m,26.388,0
590,NaF,Fm-3m,23.434,6.852
591,InTe,Pm-3m,57.081,0
592,RhN,Fm-3m,20.337,0
593,EuPb,P4/mmm,61.448,0
594,IrN,Fm-3m,21.183,0
595,CrC,P-6m2,16.521,0
596,PdO,I4/mmm,22.985,0
597,CdS,Fm-3m,41.284,0.372
598,LaAs,Fm-3m,59.230,0
599,CuCl,Fm-3m,33.045,0.549
600,AgN,F-43m,29.605,0
601,NdZn,Pm-3m,49.641,0
602,ZrH,I-4m2,26.543,0
603,TmTe,P4mm,51.870,0
604,AuN,Fm-3m,25.138,0
605,WN,P-6m2,20.651,0
606,MnIr,P4/mmm,25.773,0
607,GdSe,Fm-3m,48.983,0
608,TiB,F-43m,30.530,0
609,InAs,Fm-3m,46.906,0
610,ScAl,Pm-3m,38.376,0
611,PbS,Fm-3m,53.904,0.691
612,AlRh,Pm-3m,27.055,0
613,HRh,Fm-3m,16.488,0
614,DyRh,Pm-3m,39.891,0
615,ErAs,Pm-3m,44.463,0
616,CeAs,Fm-3m,57.966,0
617,BaTe,Fm-3m,88.839,1.708
618,NbIr,P4/mmm,32.124,0
619,PrSe,Fm-3m,54.552,0
620,CuBr,Fm-3m,38.584,0.422
621,ScAs,Pm-3m,38.505,0
622,AlSb,F-43m,60.541,1.376
623,NdSe,Fm-3m,53.225,0
624,K,Pm-3m,74.923,0
625,NpN,Fm-3m,28.570,0
626,TmBi,Fm-3m,60.194,0
627,PuC,Fm-3m,30.888,0
628,YBi,Fm-3m,62.683,0
629,ScSn,F-43m,74.090,0
630,RuN,F-43m,23.608,0
631,AuN,F-43m,30.545,0
632,Sr,P63/mmc,108.102,0
633,GaIr,Pm-3m,28.341,0
634,GdCd,Pm-3m,53.078,0
635,GdRh,Pm-3m,41.116,0
636,TiRe,Pm-3m,30.030,0
637,ScNi,Pm-3m,31.382,0
638,CuPd,Pm-3m,27.217,0
639,WN,Fm-3m,20.586,0
640,He,P63/mmc,19.161,18.437
641,PrBi,Fm-3m,69.511,0
642,LaN,Pm-3m,31.305,0
643,GeTe,R-3m,53.777,0.508
644,OsN,Fm-3m,20.580,0
645,WC,Fm-3m,21.107,0
646,AlRe,Pm-3m,28.659,0
647,MoC,P-6m2,20.920,0
648,PdC,Fm-3m,21.765,0
649,ScSb,Pm-3m,46.946,0
650,TbCd,Pm-3m,52.255,0
651,EuSe,Fm-3m,57.186,1.806
652,GdO,F-43m,37.884,0
653,ScC,Fm-3m,25.582,0
654,NpS,Fm-3m,41.629,0
655,AgC,F-43m,29.923,0
656,USb,Pm-3m,51.697,0
657,EuTl,Pm-3m,60.998,0
658,ScIr,Pm-3m,33.339,0
659,ThC,Fm-3m,38.154,0
660,I,Immm,43.322,0
661,SnAs,Fm-3m,48.303,0
662,GdCu,Pm-3m,42.429,0
663,LaN,Fm-3m,36.878,0
664,PuO,Fm-3m,31.419,0
665,HBr,Fmmm,43.472,1.105
666,BaCd,Pm-3m,75.359,0
667,VPt,P4/mmm,28.223,0
668,TiIr,P4/mmm,29.884,0
669,BN,Cm,16.374,4.062
670,DyAg,Pm-3m,47.434,0
671,EuS,Fm-3m,50.844,2.068
672,CuAu,P4/mmm,29.901,0
673,Ti,P63/mmc,34.094,0
674,SiOs,Pm-3m,25.866,0
675,TlI,Fm-3m,85.841,2.172
676,GaAg,Pm-3m,36.218,0
677,RhN,F-43m,24.445,0
678,Si,Fd-3m,40.800,0.773
679,BaHg,Pm-3m,72.008,0
680,YbPb,P4/mmm,57.396,0
681,TmIr,Pm-3m,38.326,0
682,ZrPt,Pm-3m,37.531,0
683,GdTl,Pm-3m,54.854,0
684,CuCl,F-43m,39.596,0.641
685,CuBr,F-43m,46.868,0.617
686,ThTe,Pm-3m,57.179,0
687,Sm,P63/mmc,67.531,0
688,IrN,F-43m,24.853,0
689,PuP,Fm-3m,45.001,0
690,CsI,Fm-3m,120.212,3.926
691,EuTe,Fm-3m,70.163,1.484
692,RbF,Pm-3m,35.807,7.051
693,CrN,F-43m,21.038,0
694,ScGe,F-43m,59.417,0
695,ReN,F-43m,24.475,0
696,NiH,Fm-3m,12.592,0
697,NdTl,Pm-3m,58.511,0
698,ZnPt,P4/mmm,29.130,0
699,VIr,P4/mmm,27.459,0
700,ErAg,Pm-3m,46.219,0
701,LuAs,Fm-3m,46.223,0
702,GaRu,Pm-3m,27.698,0
703,NpTe,Pm-3m,53.343,0
704,FeRh,Pm-3m,27.051,0
705,TiRh,Pm-3m,29.791,0
706,TiGa,P4/mmm,31.160,0
707,TiAg,P4/mmm,33.974,0
708,DyZn,P4/mmm,45.168,0
709,GaRh,Pm-3m,27.882,0
710,BeNi,Pm-3m,17.625,0
711,FePt,P4/mmm,27.920,0
712,LaP,Fm-3m,55.140,0
713,YbIr,Pm-3m,37.344,0
714,Ga,C2/c,37.106,0
715,PtC,Fm-3m,22.376,0
716,GdAg,Pm-3m,48.838,0
717,DyZn,Pm-3m,45.156,0
718,NaCl,Fm-3m,44.553,5.246
719,GaBi,F-43m,66.626,0
720,GaAs,Pmm2,39.231,0
721,NbC,Fm-3m,22.796,0
722,TaN,F-43m,26.720,0
723,GeTe,Fm-3m,54.617,0.629
724,UAs,Pm-3m,43.195,0
725,GdZn,Pm-3m,46.010,0
726,YIr,Pm-3m,40.246,0
727,KCl,Pm-3m,54.689,5.123
728,MnS,F-43m,44.048,0
729,Si,P63/mmc,28.650,0
730,PuRu,Pm-3m,38.529,0
731,MnAl,P4/mmm,26.348,0
732,BaZn,Pm-3m,68.418,0
733,ZrIr,Pm-3m,36.320,0
734,NiO,Fm-3m,18.065,2.627
735,NiPt,P4/mmm,26.706,0
736,TbRh,Pm-3m,40.452,0
737,Ag,P63/mmc,35.166,0
738,LaAg,Pm-3m,55.481,0
739,ZnPd,P4/mmm,28.765,0
740,CdAg,Pm-3m,38.163,0
741,LaBi,Fm-3m,72.210,0
742,BiO,R3m,41.801,0
743,NpSe,Fm-3m,48.511,0
744,NpTe,Fm-3m,59.976,0
745,NaH,Pm-3m,23.848,1.313
746,EuCd,Pm-3m,57.966,0
747,UP,Fm-3m,42.737,0
748,InSb,Pm-3m,54.157,0
749,NbN,F-43m,27.174,0
750,GdSb,Fm-3m,60.933,0
751,GdSb,Fm-3m,60.993,0
752,Yb,P63/mmc,74.277,0
753,TiC,Fm-3m,20.312,0
754,CrC,Fm-3m,17.177,0
755,OsN,F-43m,24.086,0
756,SmAs,Fm-3m,52.784,0
757,EuZn,Pm-3m,51.518,0
758,GeSb,Fm-3m,49.671,0
759,ErCu,Pm-3m,40.150,0
760,GdAl,Pm-3m,47.972,0
761,DyCu,Pm-3m,40.931,0
762,ScRh,Pm-3m,33.252,0
763,MgTe,Fm-3m,53.187,0.596
764,InPd,Pm-3m,35.529,0
765,BaS,Fm-3m,66.889,2.249
766,RuC,F-43m,23.859,0.696
767,AlAs,F-43m,47.063,1.627
768,CeAg,Pm-3m,54.678,0
769,DyPd,Pm-3m,42.650,0
770,DyMg,Pm-3m,54.120,0
771,ZnAg,Pm-3m,32.126,0
772,HoCu,Pm-3m,40.945,0
773,PrN,Pm-3m,31.107,0
774,ZrRh,Pm-3m,35.669,0
775,ErN,Pm-3m,25.596,0
776,WN,F-43m,25.357,0
777,TeAs,Fm-3m,52.197,0
778,BeCu,Pm-3m,19.309,0
779,LaZn,Pm-3m,52.819,0
780,TlF,Fmmm,41.866,2.222
781,CuI,F-43m,56.745,1.195
782,ThGe,Fm-3m,56.190,0
783,MnN,I4/mmm,17.150,0
784,GdSb,Fm-3m,60.994,0
785,InSb,Fm-3m,57.215,0
786,TmN,Fm-3m,27.487,0.368
787,HgTe,Pm-3m,53.515,0
788,RbH,Fm-3m,52.414,2.953
789,YAl,Pm-3m,46.714,0
790,SmRh,Pm-3m,42.622,0
791,LiRh,P-6m2,26.647,0
792,SeS,Fm-3m,39.692,0
793,YAs,Fm-3m,49.386,0
794,GdTe,Fm-3m,59.650,0
795,CeAg,P4/mmm,54.420,0
796,NiHg,P4/mmm,31.360,0
797,SrSi,P4/mmm,54.557,0
798,EuTe,Pm-3m,62.541,0.217
799,Na,P63/mmc,66.827,0
800,MnS,Fm-3m,32.914,0
801,GaP,F-43m,41.329,1.754
802,VRu,P4/mmm,26.903,0
803,ThAs,Pm-3m,48.700,0
804,NaCl,Pm-3m,41.523,4.237
805,Sc,I4/mmm,23.828,0
806,PuSe,Fm-3m,50.556,0
807,NpAs,Fm-3m,49.021,0
808,NpAs,Pm-3m,42.639,0
809,TiRh,P4/mmm,29.623,0
810,BeRh,Pm-3m,21.577,0
811,LiS,Fm-3m,30.728,0
812,AlSn,P-6m2,48.662,0
813,InRh,Pm-3m,33.679,0
814,ZrTe,P-6m2,48.684,0
815,PrIn,Pm-3m,59.421,0
816,SmS,Fm-3m,45.395,0
817,ZrN,F-43m,30.657,0
818,YbP,Fm-3m,48.573,0
819,SmN,Fm-3m,32.180,0
820,GaSb,F-43m,59.600,0.366
821,EuIn,P4/mmm,59.933,0
822,LaMg,Pm-3m,61.908,0
823,TmRh,Pm-3m,38.294,0
824,PrN,P-6m2,34.381,0
825,BePd,Pm-3m,22.402,0
826,ZnCu,Pm-3m,25.635,0
827,LiAg,Pm-3m,31.488,0
828,TiBe,Pm-3m,25.043,0
829,ScRu,Pm-3m,32.760,0
830,CsI,Pm-3m,101.476,3.857
831,ScZn,Pm-3m,37.293,0
832,EuN,Fm-3m,32.633,0
833,TbAg,Pm-3m,48.084,0
834,NpSb,Fm-3m,60.039,0
835,ZrO,Fm-3m,24.297,0
836,ThSb,Fm-3m,64.720,0
837,PuAs,Pm-3m,43.849,0
838,GdS,Fm-3m,43.449,0
839,ZrAs,Fm-3m,41.024,0
840,InNi,Pm-3m,31.153,0
841,EuCu,Pm-3m,45.815,0
842,BaTe,Pm-3m,77.055,0.894
843,VRh,P4/mmm,27.046,0
844,YRh,Pm-3m,40.344,0
845,CdPd,P4/mmm,34.530,0
846,GdHg,Pm-3m,52.144,0
847,Pa,Fm-3m,25.384,0
848,LaC,P-6m2,39.018,0
849,GaAs,Imm2,38.262,0
850,SmSb,Fm-3m,63.008,0
851,CeSe,Fm-3m,56.234,0
852,YbGa,P4/mmm,45.275,0
853,VPt,P4/mmm,28.224,0
854,SrCd,Pm-3m,64.908,0
855,InTe,Fm-3m,61.007,0
856,TiRu,Pm-3m,28.924,0
857,TbAg,P4/mmm,47.891,0
858,VB2,P6/mmm,23.441,0
859,TcN,P-6m2,19.858,0
860,SmIn,Pm-3m,55.831,0
861,VRu,Pm-3m,26.911,0
862,VCl2,P-3m1,66.881,1.198
863,SmBi,Fm-3m,65.878,0
864,GaAs,F-43m,47.212,0.574
865,DyTh,Pm-3m,63.687,0
866,TiIr,Pm-3m,30.056,0
867,KS,Fm-3m,66.732,0
868,PtO,Fm-3m,24.311,0
869,SmP,Fm-3m,49.075,0
870,ZnPt,P4/mmm,29.129,0
871,FeNi,P4/mmm,22.368,0
872,ZrRu,Pm-3m,35.110,0
873,LiPb,Pm-3m,44.401,0
874,LiPb,R-3m,44.054,0
875,LiPd,Pm-3m,26.463,0
876,SmSe,Fm-3m,51.094,0
877,InSb,Pmm2,56.902,0
878,PrCd,P4/mmm,57.191,0
879,KH,Fm-3m,43.472,3.656
880,TiNi,Pm-3m,26.943,0
881,TaRu,P4/mmm,31.975,0
882,MgSc,Pm-3m,45.666,0
883,YbIn,Pm-3m,55.261,0
884,SrLiP,P-6m2,66.672,0.950
885,TlF,I4/mmm,41.266,2.089
886,AlAu,Pm-3m,33.461,0
887,ThAs,Fm-3m,54.382,0
888,TcN,F-43m,23.963,0
889,GdIn,P4/mmm,53.800,0
890,LaTl,Pm-3m,62.163,0
891,TmIn,Pm-3m,51.256,0
892,ScAg,Pm-3m,40.030,0
893,SmTl,Pm-3m,56.564,0
894,ErHg,Pm-3m,49.316,0
895,LaCd,P4/mmm,59.702,0
896,NdAg,Pm-3m,52.037,0
897,FeO,R-3m,20.238,1.259
898,PmN,Fm-3m,32.932,0
899,CeBi,Pm-3m,65.215,0
900,PuAs,Fm-3m,49.476,0
901,LaAs,P4/mmm,51.335,0
902,GdTh,Pm-3m,64.586,0
903,PrAg,Pm-3m,53.153,0
904,FePd,P4/mmm,27.469,0
905,SmAg,Pm-3m,50.338,0
906,LiPd,P-6m2,27.800,0
907,PuC,Fm-3m,30.769,0
908,MnPd,P4/mmm,30.063,0
909,TiB2,P6/mmm,25.599,0
910,TmPPt,P-6m2,55.780,0
911,DyN,Fm-3m,29.242,0
912,Fe,P63/mmc,20.045,0
913,NaS,Fm-3m,46.160,0
914,MoP,P-6m2,29.073,0
915,Sr,Imma,106.821,0
916,MnNi,P4/mmm,24.031,0
917,LiPt,P-6m2,27.730,0
918,ZrCl2,R3m,65.616,1.060
919,PaC,Fm-3m,32.782,0
920,TcN,Fm-3m,20.030,0
921,PrSb,P4/mmm,59.124,0
922,MnRh,P4/mmm,27.483,0
923,ZrB2,P6/mmm,30.952,0
924,AuCN,P6mm,49.710,1.063
925,FeSi2,P4/mmm,37.360,0
926,MnPt,P4/mmm,29.966,0
927,YN,Pm-3m,26.719,0
928,TbGa2,P6/mmm,62.670,0
929,ZrB,Fm-3m,29.535,0
930,PuTe,Pm-3m,54.744,0
931,P,Imma,31.604,0
932,CeAl,Pm-3m,54.550,0
933,HgSe,Fm-3m,48.254,0
934,AlCr2,I4/mmm,37.588,0
935,UAs,Fm-3m,48.317,0
936,Li2Pt,P6/mmm,39.885,0
937,TaB2,P6/mmm,27.610,0
938,Si2Ni,Fm-3m,39.950,0
939,BaLiP,P-6m2,75.719,0.950
940,YIn,Pm-3m,55.144,0
941,SmTl,P4/mmm,56.276,0
942,Hg2Rh,P4/mmm,64.485,0
943,PaAs,Fm-3m,48.594,0
944,CdTe,Pmm2,58.316,0
945,NdBi,Fm-3m,68.099,0
946,HgS,Fm-3m,43.233,0
947,ErN,Fm-3m,28.115,0.364
948,NbB2,P6/mmm,27.987,0
949,AlFe,Pm-3m,23.584,0
950,YbAu2,I4/mmm,61.093,0
951,NdSb,P4/mmm,57.902,0
952,ReC,Fm-3m,20.626,0
953,NaAs,P4/mmm,40.041,0
954,HfB,Fm-3m,28.227,0
955,ThP,Fm-3m,50.187,0
956,RhC,Fm-3m,20.585,0
957,ErS,Fm-3m,40.590,0
958,YbSb,Fm-3m,64.510,0
959,NbN,P-6m2,21.961,0
960,YSe,Fm-3m,47.945,0
961,AgCN,R3m,54.443,3.218
962,BaAu2,P6/mmm,84.734,0
963,MnB2,P6/mmm,22.612,0
964,Mg2Pb,Fm-3m,81.265,0
965,CrB2,P6/mmm,22.928,0
966,Mg2Si,Fm-3m,64.190,0.281
967,MgB2,P6/mmm,28.602,0
968,UO,Fm-3m,32.925,0
969,HfB2,P6/mmm,29.802,0
970,InN,Fm-3m,25.611,0.331
971,H,I4/mmm,12.849,7.225
972,YbI2,P-3m1,123.758,3.824
973,LiZnN,F-43m,29.318,0.821
974,Ti2Re,P-3m1,46.706,0
975,InN,F-43m,31.724,0.300
976,TbPPt,P-6m2,57.873,0
977,USb,Fm-3m,59.404,0
978,Ti2Rh,I4/mmm,45.730,0
979,Mg2Sn,Fm-3m,78.155,0
980,ScB2,P6/mmm,30.027,0
981,TiF2,Fm-3m,32.612,0.747
982,ThH2,Fm-3m,40.299,0
983,Cu2S,Fm-3m,43.047,0
984,SnO2,Fm-3m,32.881,0.623
985,CIN,R3m,80.508,4.343
986,CrSi2,I4/mmm,35.728,0
987,TmS,Fm-3m,39.891,0
988,TlC,Fm-3m,31.544,0
989,DyGa2,P6/mmm,62.806,0
990,YbB2,P6/mmm,35.717,0
991,AlB2,P6/mmm,25.555,0
992,HoBiPt,F-43m,75.289,0
993,LaAg,P4/mmm,55.009,0
994,YN,F-43m,36.399,2.422
995,O,R-3m,18.866,0
996,Hf2Hg,I4/mmm,64.939,0
997,MnCl2,R-3m,69.160,1.807
998,TlBi2,P6/mmm,94.742,0
999,TmB2,P6/mmm,34.605,0
1000,B2Mo,P6/mmm,26.497,0
1001,K,I41/amd,148.432,0
1002,CeTe,Fm-3m,67.355,0
1003,ThSiAu,P-6m2,67.312,0
1004,GdBiPt,F-43m,77.004,0
1005,HoAu2,I4/mmm,61.705,0
1006,TbB2,P6/mmm,36.805,0
1007,LiMgAs,F-43m,58.838,1.610
1008,ScSbPd,F-43m,64.267,0.649
1009,MgHg2,I4/mmm,65.698,0
1010,Ga2Cu,P4/mmm,47.007,0
1011,YB2,P6/mmm,36.307,0
1012,SmTe,Fm-3m,61.850,0
1013,YbSi2,P6/mmm,59.831,0
1014,Sn2Ir,Fm-3m,66.045,0
1015,PrO,Fm-3m,32.368,0
1016,SmO,Fm-3m,30.081,0
1017,Te2Rh,P-3m1,73.923,0
1018,CeC,Fm-3m,39.929,0
1019,BaLiAs,P-6m2,81.679,0.951
1020,ScSi2,P6/mmm,50.949,0
1021,ScAu2,I4/mmm,54.997,0
1022,Si2Ru,Fm-3m,45.935,0
1023,CaF2,R-3m,37.933,7.857
1024,NaI,Fm-3m,66.387,3.764
1025,UBi,Pm-3m,55.639,0
1026,HfSe2,P-3m1,76.402,0.591
1027,AlTc2,I4/mmm,42.561,0
1028,CaF2,Fm-3m,38.866,7.800
1029,CrH2,Fm-3m,16.897,0
1030,CdF2,Fm-3m,38.383,3.306
1031,Al2Cu,P4/mmm,48.294,0
1032,CaHg2,P6/mmm,75.439,0
1033,ZrO2,Fm-3m,33.346,3.344
1034,CaGa2,P6/mmm,69.196,0
1035,BePd2,I4/mmm,37.631,0
1036,PrN,P4/mmm,31.110,0
1037,PuS,Fm-3m,43.665,0
1038,USi2,P6/mmm,53.612,0
1039,MnTePd,F-43m,63.150,0
1040,LiHPd,P4/mmm,35.801,0
1041,LiZnAs,F-43m,52.370,1.023
1042,MgAgAs,F-43m,61.434,0
1043,PbI2,P-3m1,130.863,2.368
1044,DySi2,P6/mmm,57.254,0
1045,CeBi,P4/mmm,63.647,0
1046,YPPt,P-6m2,57.843,0
1047,HfSnPd,F-43m,63.701,0.602
1048,He,P63/mmc,19.191,18.407
1049,ReSi2,I4/mmm,39.935,0
1050,YAu2,I4/mmm,62.524,0
1051,NaHg2,P6/mmm,75.558,0
1052,LiInSn,F-43m,76.440,0
1053,K2S,Fm-3m,102.320,2.438
1054,Si2Ru,P4/mmm,43.732,0
1055,NpC,Fm-3m,30.418,0
1056,CaBiAu,F-43m,83.323,0
1057,DyBi,Fm-3m,62.424,0
1058,Hg2Pt,P4/mmm,67.165,0
1059,GdGa2,P6/mmm,63.966,0
1060,HoSi2,P6/mmm,56.743,0
1061,Ga2Au,Fm-3m,58.673,0
1062,SiPt2,I4/mmm,47.362,0
1063,CeBi,Fm-3m,71.244,0
1064,TbAg2,I4/mmm,64.186,0
1065,TmAu2,I4/mmm,60.400,0
1066,GdBiPd,F-43m,76.275,0.221
1067,ScSnPt,F-43m,67.244,0
1068,TmSbPt,F-43m,69.992,0.267
1069,KZnAs,P-6m2,80.759,0.411
1070,BaSn2,P-3m1,107.231,0
1071,ThSi2,P6/mmm,61.519,0
1072,Na,R-3m,99.903,0
1073,Hf2Zn,I4/mmm,59.293,0
1074,Zr2Ag,I4/mmm,64.025,0
1075,SrHg2,P6/mmm,84.960,0
1076,VTe2,P-3m1,77.968,0
1077,MnCuSb,F-43m,55.641,0
1078,ErBi,Fm-3m,61.130,0
1079,SmPPt,P-6m2,60.150,0
1080,BiTeI,P3m1,119.434,1.334
1081,Hf2Au,I4/mmm,61.150,0
1082,Tb2Mg,I4/mmm,87.251,0
1083,Li2Se,Fm-3m,52.584,3.305
1084,Hf2Cd,I4/mmm,65.142,0
1085,Si2W,I4/mmm,40.998,0
1086,ErAu2,I4/mmm,60.985,0
1087,LiSbAu,F-43m,65.904,0
1088,DyPbAu,F-43m,78.784,0
1089,ScSbPt,F-43m,64.393,0.869
1090,TbSbPt,F-43m,72.150,0.372
1091,Sc,P4/mmm,25.050,0
1092,KZnSb,P-6m2,96.229,0.684
1093,B2W,P6/mmm,26.658,0
1094,ScNiBi,F-43m,61.149,0.438
1095,MoS2,R-3m,54.927,0
1096,ZrAu2,I4/mmm,56.385,0
1097,BaSi2,P6/mmm,76.444,0
1098,HoGa2,P6/mmm,62.634,0
1099,Er2Mg,I4/mmm,83.833,0
1100,Te2Ir,P-3m1,74.086,0
1101,Ti2Zn,I4/mmm,48.377,0
1102,SmB2,P6/mmm,38.496,0
1103,HoCd2,P6/mmm,71.950,0
1104,TmAg2,I4/mmm,61.606,0
1105,MnTe,Fm-3m,46.846,0
1106,CrO,Fm-3m,21.318,0
1107,CsF,Fm-3m,51.448,5.709
1108,HoBiPd,F-43m,74.495,0
1109,Si2Mo,I4/mmm,40.740,0
1110,LuB2,P6/mmm,33.682,0
1111,ThAu2,P6/mmm,69.383,0
1112,HfS2,P-3m1,69.657,1.349
1113,TaS2,R-3m,60.105,0
1114,HoHg2,P6/mmm,70.835,0
1115,SnSe2,P-3m1,82.109,0.759
1116,V2H,C2/m,28.420,0
1117,Al2Os,I4/mmm,42.174,0.418
1118,GeTe,R3m,56.033,0.752
1119,DyBiPd,F-43m,74.797,0.245
1120,ThSnPt,F-43m,79.163,0.953
1121,DyAu2,I4/mmm,62.111,0
1122,DyC2,I4/mmm,41.607,0
1123,TiSe2,C2/m,65.850,0
1124,ZnBr2,R-3m,81.254,3.244
1125,EuSi2,Cmmm,63.822,0
1126,NbAu2,P6/mmm,52.181,0
1127,CdI2,P-3m1,110.648,2.438
1128,YbZn,Fm-3m,54.827,0
1129,LaHg2,P6/mmm,78.791,0
1130,GdPbAu,F-43m,80.219,0
1131,VNiSb,F-43m,50.612,0
1132,DyHg2,P6/mmm,71.271,0
1133,Hg,P6/mmm,76.816,0
1134,YbHg2,C2/m,73.811,0
1135,PdO,Fm-3m,22.981,0
1136,Al2Ru,I4/mmm,42.141,0
1137,YbBiPd,F-43m,76.156,0
1138,ScCu2,I4/mmm,45.057,0
1139,TbSi2,P6/mmm,57.833,0
1140,ErCd2,P6/mmm,71.244,0
1141,K2O,Fm-3m,64.794,1.942
1142,Be2Zn,Fmmm,31.603,0
1143,YHg2,P6/mmm,71.605,0
1144,MnBr2,R-3m,83.070,1.627
1145,GdNiBi,F-43m,68.952,0.361
1146,SrN2,I4/mmm,44.914,0
1147,SrO2,I4/mmm,41.167,3.152
1148,ThAl2,P6/mmm,70.382,0
1149,NbS2,R3m,58.328,0
1150,FeCl2,R-3m,63.155,0
1151,GdAg2,I4/mmm,65.196,0
1152,LuNiBi,F-43m,65.380,0.277
1153,HoNiBi,F-43m,67.252,0.261
1154,UN2,Fm-3m,36.342,1.044
1155,ErPbAu,F-43m,77.636,0
1156,TaSe2,P-3m1,68.111,0
1157,PbI2,R-3m,130.989,2.389
1158,Ba2N,R-3m,104.813,0
1159,TiNiSb,F-43m,52.095,0
1160,Zr2Au,I4/mmm,63.603,0
1161,NiBr2,R-3m,73.347,0.615
1162,ErSi2,P6/mmm,55.962,0
1163,PIr2,Fm-3m,43.675,0
1164,NpBi,Fm-3m,64.745,0
1165,BaLiSi,P-6m2,82.273,0
1166,Na2Te,Fm-3m,94.827,2.357
1167,TmNiBi,F-43m,65.812,0.272
1168,Mn2Au,I4/mmm,45.870,0
1169,ThCu2,P6/mmm,57.205,0
1170,YGa2,P6/mmm,62.807,0
1171,Nb2C,P-3m1,42.807,0
1172,U2Ti,P6/mmm,55.025,0
1173,MnSbIr,F-43m,56.860,0
1174,TmSi2,P6/mmm,55.654,0
1175,ErHg2,P6/mmm,70.002,0
1176,MoSe2,R3m,63.451,1.163
1177,Na2S,Fm-3m,69.636,2.628
1178,ScH2,Fm-3m,26.446,0
1179,LuSnAu,F-43m,72.914,0
1180,SmGa2,P6/mmm,65.598,0
1181,Ti2Pd,I4/mmm,47.826,0
1182,ThAg2,P6/mmm,68.552,0
1183,UGa2,P6/mmm,61.659,0
1184,PtSe2,P-3m1,63.426,0
1185,NdGa2,P6/mmm,67.716,0
1186,Th,I4/mmm,32.121,0
1187,Pr,I4/mmm,35.587,0
1188,NbSe2,P-3m1,68.520,0
1189,HoSnAu,F-43m,75.077,0.250
1190,TbC2,I4/mmm,42.375,0
1191,K2Se,Fm-3m,115.441,2.303
1192,Sr,I41/amd,107.998,0
1193,MnSnPt,F-43m,59.861,0
1194,DyCd2,P6/mmm,72.100,0
1195,HoNiSb,F-43m,63.347,0.391
1196,Te,C2/m,97.636,0
1197,MnAu2,I4/mmm,50.594,0
1198,MgCl2,R-3m,68.504,5.632
1199,V2H,Cm,28.478,0
1200,H2Se,Fm-3m,28.575,0
1201,BaSbPt,P-6m2,89.964,0
1202,TiBr2,P-3m1,76.851,0
1203,SrSbPt,P-6m2,81.222,0
1204,Li2Te,Fm-3m,66.599,2.611
1205,Rb,I41/amd,187.016,0
1206,UC2,I4/mmm,36.778,0
1207,HoPbAu,F-43m,78.252,0
1208,VS2,P-3m1,51.202,0
1209,Li2O,Fm-3m,24.209,5.091
1210,VSbRu,F-43m,54.797,0.267
1211,Ni2H,P3m1,23.364,0
1212,K2Te,Fm-3m,139.341,2.398
1213,Sn2Pt,Fm-3m,69.338,0
1214,Al2Pt,Fm-3m,52.419,0
1215,CaSi2,P-3m1,64.454,0
1216,PuB,Fm-3m,34.227,0
1217,NpB2,Cmmm,32.095,0
1218,LuSi2,P6/mmm,54.865,0
1219,CrSe2,P-3m1,61.055,0
1220,LuH2,Fm-3m,31.015,0
1221,Hf2Pd,I4/mmm,58.364,0
1222,Sr2N,R-3m,87.663,0
1223,LiAlGe,F-43m,53.612,0
1224,BaSi2,P-3m1,77.140,0
1225,HoH2,Fm-3m,33.639,0
1226,UAu2,P6/mmm,62.040,0
1227,CuCl2,C2/m,65.348,0
1228,Zr2Zn,I4/mmm,61.405,0
1229,ThCd2,P6/mmm,76.107,0
1230,VBr2,P-3m1,77.148,1.044
1231,TbPbAu,F-43m,79.417,0
1232,O,C2/m,18.506,0
1233,TmC2,I4/mmm,39.446,0
1234,ErC2,I4/mmm,40.074,0
1235,ThPb,P4/mmm,60.714,0
1236,TiH2,I4/mmm,21.187,0
1237,SmNiAs,P-6m2,57.826,0
1238,EuHg2,P6/mmm,77.984,0
1239,Be2B,Fm-3m,23.824,0
1240,TiTe2,C2/m,81.161,0
1241,Cu2Se,Fm-3m,47.850,0
1242,Tb2C,R-3m,69.614,0
1243,HfTe2,P-3m1,94.099,0
1244,LiMgBi,F-43m,78.276,0.795
1245,YHSe,P-6m2,49.865,1.768
1246,TaSe2,R-3m,69.275,0
1247,ScSnAu,F-43m,68.274,0.431
1248,TiS2,C2/m,85.925,0
1249,AgB2,P6/mmm,32.122,0
1250,NbH2,Fm-3m,23.509,0
1251,Rb,I4/mmm,88.720,0
1252,CaSi2,P6/mmm,61.608,0
1253,ErSb2,C222,85.273,0
1254,CaAlSi,P-6m2,66.801,0
1255,BiTeI,P3m1,116.657,1.337
1256,UO2,Fm-3m,41.086,0
1257,BaO2,I4/mmm,49.301,2.349
1258,Na2O,Fm-3m,41.806,2.219
1259,VPd2,Immm,42.833,0
1260,PuO2,Fm-3m,39.514,0
1261,CdHg2,I4/mmm,73.414,0
1262,TmSnAu,F-43m,73.932,0
1263,In2Bi,P6/mmm,85.748,0
1264,AlRe2,I4/mmm,43.331,0
1265,VI2,P-3m1,98.367,0.925
1266,HfSbRu,F-43m,62.765,0
1267,Cd2Hg,I4/mmm,69.081,0
1268,PtS2,P-3m1,56.860,0.644
1269,TbAu2,I4/mmm,63.010,0
1270,SrGe2,P-3m1,77.472,0
1271,NbS2,Amm2,113.700,0
1272,GdNiSb,F-43m,64.651,0.357
1273,ZrS2,P-3m1,69.612,1.077
1274,BaGa2,P6/mmm,87.815,0
1275,MgCl2,P-3m1,68.470,5.607
1276,EuZnGe,Amm2,69.027,0
1277,TiSnPt,F-43m,59.874,0.850
1278,Li,R-3m,54.574,0
1279,OsC2,P-6m2,28.582,0
1280,SrGa2,P6/mmm,77.950,0
1281,TiSbRu,F-43m,57.966,0
1282,MgH2,Fm-3m,25.586,0
1283,TiS2,Cmmm,46.650,0
1284,LaC2,I4/mmm,50.893,0
1285,HoSb2,C222,85.153,0
1286,TbH2,Fm-3m,35.175,0
1287,MgBr2,P-3m1,85.099,4.627
1288,Fe2C,Cmmm,30.455,0
1289,Al2Pd,Fm-3m,52.095,0
1290,Te2Pd,P-3m1,74.856,0
1291,Tb,R-3m,95.379,0
1292,TiH2,Fm-3m,21.217,0
1293,LiGaSi,F-43m,50.483,0.404
1294,SrF2,Fm-3m,46.708,7.434
1295,SrCl2,Fm-3m,85.754,5.526
1296,TmH2,Fm-3m,32.205,0
1297,PRh2,Fm-3m,42.901,0
1298,Ge2W,I4/mmm,46.339,0
1299,YbH2,Fm-3m,37.908,0
1300,CaSi2,R-3m,67.535,0
1301,Be2C,Fm-3m,20.221,1.413
1302,SrAlSi,P-6m2,74.830,0
1303,MgCuSb,F-43m,60.223,0
1304,HfBe2,P6/mmm,39.438,0
1305,YH2,Fm-3m,34.703,0
1306,MgSnAu,F-43m,68.292,0
1307,LiO2,Fm-3m,23.327,0
1308,Ho,R-3m,91.867,0
1309,PaO2,Fm-3m,41.491,0
1310,EuGa2,P6/mmm,73.123,0
1311,SnS2,P-3m1,72.471,1.541
1312,ZrH2,Fm-3m,27.330,0
1313,AgI,P6mm,96.532,0.575
1314,YbSbPt,F-43m,72.079,0
1315,LuC2,I4/mmm,38.251,0
1316,TaS2,Fmm2,110.528,0
1317,TaSbRu,F-43m,59.118,0.832
1318,TiPd2,Immm,46.131,0
1319,DyB2,P6/mmm,36.251,0
1320,Sm,R-3m,100.864,0
1321,TiSi2,Fmmm,42.803,0
1322,AsRh2,Fm-3m,47.012,0
1323,HoHSe,P-6m2,48.882,1.785
1324,TaH2,Fm-3m,22.995,0
1325,ThH2,I4/mmm,40.123,0
1326,Zr2Cd,I4/mmm,66.753,0
1327,BaAlSi,P-6m2,83.484,0
1328,BeAlB,F-43m,30.468,0
1329,Ba2Hg,I4/mmm,135.774,0
1330,YbC2,I4/mmm,46.082,1.124
1331,UC2,I4/mmm,36.783,0
1332,NbPt2,Immm,47.879,0
1333,ReSi2,Immm,39.976,0
1334,FeCl2,P-3m1,62.808,0
1335,SrAlGe,P-6m2,76.755,0
1336,NbSbRh,F-43m,59.986,0
1337,VH2,Fm-3m,18.300,0
1338,TaPd2,Immm,47.127,0
1339,MnSnIr,F-43m,57.471,0
1340,BeAu2,I4/mmm,43.861,0
1341,CeBiPd,F-43m,82.306,0.475
1342,CrNiSb,F-43m,50.813,0
1343,NbS2,R-3m,60.586,0
1344,ThZn2,P6/mmm,63.821,0
1345,NdHg2,C2/m,75.783,0
1346,Al2O,Fm-3m,44.257,0
1347,Ta2N,P-3m1,40.502,0
1348,LiCeSn,F-43m,78.813,0
1349,ZrSbRu,F-43m,63.987,0
1350,Ag2F,P-3m1,44.567,0
1351,Al2Au,Fm-3m,55.453,0
1352,ZrH2,I4/mmm,27.234,0
1353,UP,R-3m,42.960,0
1354,ErSbPd,F-43m,70.005,0.380
1355,MgNiBi,F-43m,60.632,0
1356,MnI2,C2/m,104.881,1.157
1357,BaAlGe,P-6m2,86.138,0
1358,Bi2Pd,I4/mmm,75.110,0
1359,Zr2Cu,I4/mmm,58.168,0
1360,PuH2,Fm-3m,37.044,0
1361,TmNiSb,F-43m,62.196,0.406
1362,Mo2C,P-6m2,39.335,0
1363,SiO2,Fm-3m,23.355,2.245
1364,ZrBe2,P6/mmm,40.934,0
1365,LaC2,I4/mmm,50.798,0
1366,Dy2C,R-3m,68.115,0
1367,NpSb,P4/mmm,51.569,0
1368,KCN,Cm,56.662,5.010
1369,NbTe2,P-3m1,83.207,0
1370,ThNi2,P6/mmm,54.583,0
1371,CuBr2,C2/m,79.161,0
1372,Te2Au,C2/m,80.026,0
1373,PbF2,Fm-3m,50.283,4.418
1374,NdBiPd,F-43m,79.823,0.347
1375,TbO2,Fm-3m,39.488,0
1376,NiI2,R-3m,88.724,0.186
1377,AlAu2,I4/mmm,50.506,0
1378,YC2,I4/mmm,41.860,0
1379,DyAg2,I4/mmm,63.464,0
1380,NpSb,P4/mmm,50.913,0
1381,DySb2,C222,85.247,0
1382,CeGa2,P6/mmm,70.413,0
1383,SiCN,F-43m,26.499,0
1384,Rb2Se,Fm-3m,132.066,1.964
1385,Ti2Cu,I4/mmm,45.689,0
1386,PrH2,Fm-3m,42.037,0
1387,Cu2Se,F-43m,48.250,0
1388,GdB2,P6/mmm,37.342,0
1389,TiS2,P-3m1,59.428,0
1390,Zr2Pd,I4/mmm,60.476,0
1391,USnPt,F-43m,73.686,0
1392,HoSbPt,F-43m,70.995,0.386
1393,TmI2,P-3m1,107.712,0
1394,GdSnAu,F-43m,77.509,0.215
1395,HoC2,I4/mmm,40.664,0
1396,Li2Pd,P6/mmm,41.296,0
1397,BaO2,Cmmm,47.847,1.994
1398,YBiPd,F-43m,75.421,0
1399,UHg2,P6/mmm,70.002,0
1400,LaGa2,P6/mmm,71.919,0
1401,OsN2,P6/mmm,33.734,0
1402,YbBiPt,F-43m,76.848,0
1403,YbC2,I4/mmm,46.056,1.124
1404,Ag2O,P-3m1,43.192,0
1405,BaC2,I4/mmm,69.872,1.681
1406,Ni2H,P3m1,23.252,0
1407,BaSi2,I4/mmm,102.778,0
1408,ScAg2,I4/mmm,56.008,0
1409,CdCl2,R-3m,75.653,3.464
1410,Ti3Ag,P4/mmm,67.688,0
1411,Rb2O,Fm-3m,77.058,1.637
1412,MnSbPt,F-43m,60.906,0
1413,HCN,I4mm,37.373,6.566
1414,HgO,Immm,29.337,0
1415,BaCl2,Fm-3m,100.073,5.688
1416,ScNiSb,F-43m,56.760,0.438
1417,UC2,Fm-3m,38.894,0
1418,ZnNiSb,F-43m,52.245,0
1419,CSO,R3m,61.858,4.762
1420,WS2,R3m,56.091,1.422
1421,PrSn3,Pm-3m,108.515,0
1422,LuC2,I4/mmm,38.251,0
1423,HoB2,P6/mmm,35.708,0
1424,TbSn3,Pm-3m,103.698,0
1425,LuAg2,I4/mmm,60.622,0
1426,ThGa2,P6/mmm,66.970,0
1427,YbBiAu,F-43m,86.729,0
1428,TaNi2,I4/mmm,39.350,0
1429,GdC2,I4/mmm,43.238,0
1430,CePt3,Pm-3m,75.136,0
1431,PrTl3,Pm-3m,110.537,0
1432,Fe2Ge,P6/mmm,39.274,0
1433,PrGa2,P6/mmm,69.039,0
1434,HgF2,Fm-3m,41.839,1.162
1435,MgCuSn,F-43m,60.246,0
1436,ErH2,Fm-3m,32.934,0
1437,TmAg3,Pm-3m,80.812,0
1438,HfSnPt,F-43m,68.856,0
1439,KO2,I4/mmm,47.523,0
1440,Li3Bi,Fm-3m,72.524,0.595
1441,SmSnAu,F-43m,79.412,0
1442,Te2Pt,P-3m1,75.527,0
1443,ZnFeSb,F-43m,54.676,0
1444,TiPd2,I4/mmm,45.851,0
1445,Ta2C,P-3m1,41.886,0
1446,Hf2Ag,I4/mmm,61.718,0
1447,ErGa2,P6/mmm,61.453,0
1448,La,I4/mmm,36.940,0
1449,MnBr2,P-3m1,84.028,1.722
1450,TiS2,I4/mmm,44.566,0
1451,Li2InPd,F-43m,64.754,0
1452,RbO2,I4/mmm,55.219,0
1453,YbSbPd,F-43m,79.046,0
1454,YNiSb,F-43m,64.081,0.570
1455,Ti2Ag,I4/mmm,51.231,0
1456,HfAu2,I4/mmm,55.223,0
1457,Cs2O,R-3m,99.073,1.251
1458,ErAg2,I4/mmm,62.332,0
1459,AlCu3,Fm-3m,49.345,0
1460,NpO2,Fm-3m,40.501,2.612
1461,Rb2S,Fm-3m,118.760,2.209
1462,Gd,R-3m,96.435,0
1463,MgCN2,R-3m,42.773,3.771
1464,ThSn3,Pm-3m,107.415,0
1465,LuPb3,Pm-3m,112.693,0
1466,Li2AlPd,F-43m,55.512,0
1467,YbCuGe,F-43m,60.334,0
1468,LiZn,Fd-3m,57.773,0
1469,HfIr3,Pm-3m,62.112,0
1470,NiS2,Fm-3m,46.132,0
1471,In2Pt,Fm-3m,66.700,0
1472,PrPt3,Pm-3m,74.158,0
1473,AuSe,C2/m,94.932,0
1474,Te2Au,P-3m1,79.170,0
1475,Ti3Sn,Pm-3m,71.511,0
1476,Pr3Tl,Pm-3m,125.468,0
1477,ThPb,P4/mmm,60.546,0
1478,Hf2Cu,I4/mmm,55.956,0
1479,YbAg2,I4/mmm,63.021,0
1480,AcH2,Fm-3m,50.134,0
1481,NbFeSb,F-43m,52.893,0.624
1482,NbSbRu,F-43m,59.238,0.465
1483,TcB,P63/mmc,41.987,0
1484,LaCu2,P6/mmm,61.833,0
1485,Ti2Cd,I4/mmm,54.542,0
1486,U2Mo,I4/mmm,57.031,0
1487,LuPd3,Pm-3m,66.789,0
1488,NpRh3,Pm-3m,64.068,0
1489,NpSn3,Pm-3m,100.893,0
1490,MoS2,R3m,55.576,1.343
1491,ZrPd2,I4/mmm,51.901,0
1492,LuTl3,Pm-3m,103.075,0
1493,Hg,P6/mmm,76.816,0
1494,TiCl2,P-3m1,60.537,0
1495,CaSn,Cmcm,121.585,0
1496,YbSn3,Pm-3m,104.164,0
1497,MnSbPd,F-43m,57.633,0
1498,PuGe3,Pm-3m,76.148,0
1499,DyCd2,P-3m1,71.974,0
